duration,packet_count,byte_count,packets_per_second,bytes_per_second,syn_count,ack_count,unique_destination_ports,recent_packet_count
0.050752,2,164,39.407313997477935,3231.3997477931907,0,0,1,1
3.330176,3,246,0.9008532882346159,73.8699696352385,0,0,1,1
1.107808,2,121,1.8053669950027442,109.22470319766603,0,2,2,1
7.685642,2,132,0.2602254958011315,17.17488272287468,2,0,1,1
8.673318,4,328,0.4611845201571071,37.81713065288278,0,0,1,1
9.786388,5,410,0.5109137303773363,41.89492589094158,0,0,1,2
10.905914,6,492,0.550160215824185,45.11313769758317,0,0,1,2
0.028512,2,276,70.14590347923682,9680.13468013468,0,0,2,1
0.020425,2,132,97.91921664626683,6462.668298653612,2,1,2,1
3.151105,3,186,0.9520469803449901,59.02691278138939,2,2,2,1
4.27231,4,351,0.9362616476800607,82.15695958392533,2,3,2,2
5.380141,5,592,0.9293436733349554,110.03429092285872,2,4,2,1
6.525643,6,646,0.9194496235849863,98.99407613931685,2,5,2,2
7.803188,7,700,0.897069249132534,89.7069249132534,2,6,2,1
9.018853,8,754,0.8870307565718168,83.60264880689374,2,7,2,2
10.202697,9,808,0.8821196983503479,79.1947462518979,2,8,2,1
26.666446,7,574,0.262502172205475,21.52517812084895,0,0,1,1
1.194535,2,164,1.6742916699803692,137.29191693839027,0,0,1,1
28.945104,8,656,0.2763852567259734,22.66359105152982,0,0,1,1
19.175527,2,132,0.10429961064433849,6.883774302526341,2,0,1,1
4.593841,3,246,0.6530482879141877,53.54995960896339,0,0,1,1
32.311584,9,738,0.27853787669462443,22.8401058889592,0,0,1,1
6.799936,4,328,0.5882408305019342,48.2357481011586,0,0,1,1
34.552204,10,820,0.28941713819471543,23.732205331966664,0,0,1,1
9.080908,5,410,0.550605732378304,45.14967005502093,0,0,1,1
36.932557,11,902,0.2978401955759521,24.422896037228075,0,0,1,1
40.332346,3,198,0.07438198611109802,4.90921108333247,3,0,1,1
14.787987,6,492,0.4057347359042174,33.27024834414583,0,0,1,1
18.335576,7,574,0.38177148075413614,31.305261421839162,0,0,1,1
19.430283,8,656,0.4117284344237292,33.76173162274579,0,0,1,2
20.529419,9,738,0.43839526096671316,35.948411399270476,0,0,1,2
21.645714,10,820,0.46198522257108265,37.882788250828774,0,0,1,2
49.441566,2,132,0.04045179313292787,2.6698183467732393,2,0,1,1
7.684221,2,132,0.2602736178462332,17.17805877785139,2,0,1,2
24.99374,11,902,0.4401102035949802,36.089036694788376,0,0,1,1
52.771085,2,132,0.03789954290308793,2.5013698316038036,2,0,1,1
43.038625,3,198,0.06970482909247216,4.600518720103163,3,0,1,2
28.691488,12,984,0.4182425115072456,34.29588594359414,0,0,1,1
1.176445,2,151,1.7000369758042237,128.3527916732189,0,2,2,1
0.025706,2,178,77.80284758422158,6924.453434995721,0,2,2,1
1.135616,3,352,2.641738052299369,309.9639314697926,0,3,2,2
4.486277,3,245,0.668705922527744,54.61098367309909,0,3,2,1
5.45735,4,406,0.732956471547546,74.39508186207591,0,4,2,1
8.664567,5,460,0.5770628815034843,53.089785098320554,0,5,2,1
12.062919,4,299,0.3315946994255702,24.786703782061373,0,4,2,1
41.847643,13,1066,0.31065070976637804,25.473358200843,0,0,1,1
45.063394,14,1148,0.310673448165045,25.47522274953369,0,0,1,1
46.242192,15,1230,0.32437908652773206,26.599085095274027,0,0,1,2
47.464457,16,1312,0.3370943440899366,27.6417362153748,0,0,1,2
22.483779,2,424,0.08895301808472678,18.858039833962078,0,0,1,1
1.14208,2,121,1.7511908097506304,105.94704398991314,0,2,2,1
50.946253,17,1394,0.3336849915144888,27.362169304188082,0,0,1,1
9.199824,2,132,0.2173954632175572,14.348100572358776,2,0,1,1
0.025507,2,160,78.40984827694359,6272.787862155487,0,2,2,1
58.860427,18,1476,0.30580817906740637,25.07627068352732,0,0,1,1
4.418548,3,214,0.6789560733526036,48.43219989915239,0,3,2,1
46.96997,3,198,0.06387059646833923,4.215459366910389,3,0,1,1
38.257076,3,636,0.078416865941349,16.62437557956599,0,0,1,2
94.422032,4,264,0.042362994263881126,2.795957621416154,4,0,1,2
40.671572,4,848,0.09834879261613001,20.84994403461956,0,0,1,2
27.141838,3,198,0.11053046591759924,7.29501075056155,3,0,1,1
97.930393,2,132,0.02042266898694055,1.3478961531380764,2,0,1,1
5.668487,2,132,0.3528278357170088,23.28663715732258,2,0,1,2
3.598607,2,164,0.5557706079046698,45.57318984818292,0,0,1,1
90.540899,4,264,0.04417892956861407,2.915809351528529,4,0,1,1
90.528897,3,367,0.03313858999077388,4.0539541755380055,0,0,2,2
91.6657,4,645,0.0436368238065056,7.036437838799027,0,0,2,1
0.026757,2,132,74.74679523115447,4933.288485256195,2,1,2,1
3.210583,3,186,0.9344097318150628,57.933403372533895,2,2,2,1
4.305337,4,721,0.9290794193346538,167.46656533507135,2,3,2,2
5.565223,5,775,0.8984365945443696,139.2576721543773,2,4,2,1
6.698396,6,3749,0.8957368301306761,559.686229359984,2,5,2,2
7.823358,7,3803,0.8947564460171706,486.1083948861857,2,6,2,1
10.999201,8,5033,0.727325557556408,457.5786913976752,2,7,2,1
12.086554,9,6547,0.7446291143033821,541.6763123715825,2,8,2,2
13.538396,10,6601,0.7386399393251608,487.57622394853865,2,9,2,1
14.70167,11,8115,0.7482143185093938,551.9781086094301,2,10,2,1
15.847546,12,9629,0.7572150287495616,607.6019593191274,2,11,2,2
16.933464,13,9683,0.7677106113669359,571.8262961435415,2,12,2,1
18.030031,14,10845,0.7764823033304823,601.4964699727915,2,13,2,1
19.26244,15,11259,0.7787175456484224,584.5053897637059,2,14,2,2
20.420389,16,11313,0.7835306173648308,554.0051171405207,2,15,2,1
21.542571,17,11447,0.7891351501174118,531.3664743172949,2,16,2,2
22.658824,18,11581,0.7943925068661992,511.103312334303,2,17,2,2
23.824027,19,11869,0.7975142069810448,498.19453277147477,2,18,2,2
24.965994,20,12226,0.801089674218459,489.706117849744,2,19,2,1
26.095881,21,12583,0.804724699656624,482.18337598949046,2,20,2,2
27.195463,22,12708,0.8089584648733503,467.2838259822971,2,21,2,2
28.312865,23,12762,0.8123515582050775,450.7491559049217,2,22,2,1
29.554415,24,12847,0.8120614128210625,434.68970710467454,2,23,2,2
30.786628,25,12901,0.8120408639750998,419.0455674457105,2,24,2,1
31.889821,26,14415,0.8153071790525258,452.0251148477754,2,25,2,2
33.126931,27,15929,0.8150468270060997,480.84744101408006,2,26,2,2
34.268664,28,15983,0.8170729970681087,466.4027754335564,2,27,2,1
35.438395,29,20417,0.8183214843674494,576.126542976904,2,28,2,1
38.729051,30,20471,0.7746123187991362,528.5696259379039,2,29,2,1
41.965068,31,23445,0.7387096334503735,558.6789469756131,2,30,2,1
43.083916,32,23499,0.7427365701854957,545.4239582121551,2,31,2,1
44.202007,33,25013,0.7465724350480284,565.8792823592829,2,32,2,1
45.310541,34,25067,0.7503772687242909,553.2266763268176,2,33,2,1
46.450026,35,26581,0.7534979635964035,572.2494105816,2,34,2,1
47.669676,36,28095,0.755197077488003,589.3683858895957,2,35,2,2
48.785889,37,28149,0.7584160247648659,576.9906130028706,2,36,2,1
49.876435,38,29663,0.7618828410651243,594.7297556451258,2,37,2,1
50.95787,39,30063,0.7653381116596907,589.9579397647508,2,38,2,2
52.255141,40,31577,0.7654749223621844,604.2850405857674,2,39,2,2
53.395855,41,31631,0.7678498640016159,592.386806054515,2,40,2,1
54.515674,42,34605,0.7704206316884206,634.7715704661379,2,41,2,1
55.73536,43,34659,0.7715030458222571,621.8493968640374,2,42,2,1
56.880864,44,36173,0.7735466184198608,635.943223365946,2,43,2,1
58.024239,45,36227,0.775537960954559,624.3425269222402,2,44,2,1
59.117676,46,37741,0.7781090718112802,638.4046625919462,2,45,2,1
60.237849,47,40715,0.7802403435753491,675.9039486951136,2,46,2,2
61.343651,48,42100,0.7824770651489263,686.2975925577041,2,47,2,2
62.418109,49,42154,0.7850285884181464,675.3488799220111,2,48,2,1
63.613395,50,43668,0.785997980456789,686.4591962117413,2,49,2,1
64.748304,51,43774,0.7876654190046429,676.0640402256713,2,50,2,2
65.950853,52,43828,0.7884659202209258,664.5554682969757,2,51,2,1
67.063619,53,43882,0.7902943621339612,654.33390941816,2,52,2,2
68.348156,54,43936,0.7900725222199118,642.8264136343341,2,53,2,1
71.490217,55,43990,0.7693360337680888,615.3289477356042,2,54,2,1
138.736006,4,264,0.028831736730261643,1.9028946241972686,4,0,1,1
89.314276,3,198,0.03358925509288123,2.2168908361301614,3,0,1,2
2.300378,2,132,0.8694223297214633,57.381873761616575,2,0,1,2
88.301204,3,246,0.03397462168239518,2.785918977956405,0,0,1,1
1.174944,2,132,1.7022087861208706,112.34577988397746,2,0,1,1
0.033597,2,121,59.5291246242224,3601.512039765455,0,2,2,1
120.843682,4,264,0.033100613402362235,2.1846404845559073,4,0,1,1
8.980799,2,132,0.2226973346135461,14.698024084494042,2,0,1,1
195.129357,3,198,0.015374416469788295,1.0147114870060274,3,0,1,2
14.657599,3,198,0.20467199300512998,13.508351538338578,3,0,1,2
197.254029,3,198,0.015208814822231083,1.0037817782672516,3,0,1,2
13.45235,3,198,0.22300936267640972,14.71861793664304,3,0,1,2
14.553385,3,198,0.20613760990999688,13.605082254059793,3,0,1,2
107.314533,4,264,0.03727360953059359,2.4600582290191766,4,0,1,2
204.223476,5,330,0.02448298353319576,1.6158769131909203,5,0,1,2
2.608052,2,132,0.7668558755730331,50.612487787820186,2,0,1,2
22.846155,4,264,0.17508416624154044,11.555554971941667,4,0,1,2
194.703232,5,330,0.02568010786795773,1.6948871192852104,5,0,1,2
0.026239,2,164,76.22241701284348,6250.238195053165,0,0,1,1
3.292435,3,246,0.911179719569255,74.71673700467892,0,0,1,1
4.391127,4,328,0.9109278779684578,74.69608599341353,0,0,1,2
11.546171,3,198,0.25982639612733954,17.14854214440441,3,0,1,1
30.530973,4,264,0.1310144946903592,8.646956649563707,4,0,1,1
9.918464,5,410,0.5041103138550486,41.33704573611398,0,0,1,1
0.023964,2,119,83.45852111500585,4965.782006342848,0,2,2,1
12.152473,6,492,0.4937266678148554,40.485586760818144,0,0,1,1
13.248254,7,574,0.5283715122007776,43.32646400046376,0,0,1,2
14.360945,8,656,0.557066404752612,45.67944518971419,0,0,1,2
37.201083,4,264,0.10752375139186136,7.096567591862851,4,0,1,1
180.489026,5,330,0.027702515276468942,1.8283660082469502,5,0,1,2
17.707651,9,738,0.5082548780750197,41.67690000215162,0,0,1,1
143.501084,4,359,0.02787435389686673,2.501723262243789,0,4,2,1
144.596218,5,413,0.03457905102331238,2.8562296145256028,0,5,2,1
0.030302,2,8147,66.0022440762986,268860.14124480233,0,2,1,1
24.402483,10,820,0.4097943639587824,33.60313784462016,0,0,1,1
2.266008,2,174,0.8826094170894366,76.78701928678099,0,0,2,1
3.582538,2,203,0.5582634434024147,56.66373950534509,0,0,2,2
6.796228,3,8201,0.44142132959635844,1206.6987746732452,0,3,2,1
10.051414,4,8255,0.3979539595125621,821.2774839440501,0,4,2,1
11.170686,5,8309,0.44760008472174406,743.8218207905943,0,5,2,2
12.271778,6,8363,0.4889267064642141,681.4823410267037,0,6,2,2
13.492892,7,8417,0.5187916719410487,623.8099289611152,0,7,2,2
14.612452,8,8471,0.5474782740090438,579.7110573913262,0,8,2,2
15.708927,9,8525,0.5729226445574546,542.6850605391444,0,9,2,2
16.821024,10,8618,0.5944941283003936,512.3350397692792,0,10,2,2
18.030945,11,8672,0.6100623123191824,480.95094294835906,0,11,2,1
166.938302,6,552,0.03594142223873824,3.306610845963918,0,6,2,1
1.146939,2,136,1.7437719006852153,118.57648924659463,0,2,2,1
169.159256,7,606,0.04138112312340745,3.582422944683559,0,7,2,1
47.760629,11,902,0.2303152247010817,18.8858484254887,0,0,1,1
48.877559,12,984,0.24551144217328857,20.13193825820966,0,0,1,2
32.281783,2,132,0.061954446568208456,4.088993473501758,2,0,1,1
53.281419,13,1066,0.2439874959035907,20.00697466409444,0,0,1,1
35.547995,2,132,0.05626196357909918,3.7132895962205463,2,0,1,1
55.582508,14,1148,0.25187780299514373,20.653979845601786,0,0,1,1
56.877765,15,1230,0.26372344271966386,21.625322303012435,0,0,1,2
207.148188,6,556,0.02896477182798239,2.6840688560597017,0,6,2,1
198.364049,5,330,0.02520618037999416,1.6636079050796146,5,0,1,1
213.605092,7,652,0.03277075436010673,3.052361691827084,0,7,2,1
214.73449,8,718,0.03725531003426604,3.343664075575377,0,8,2,1
215.83817,9,800,0.04169790727932877,3.706480647051446,0,9,2,2
216.924367,10,974,0.0460990166217703,4.490044218960427,0,10,2,2
218.1193,11,1028,0.05043111728306482,4.713017142453694,0,11,2,1
219.220031,12,1082,0.05473952332394296,4.935680353042191,0,12,2,2
71.136324,16,1312,0.22492025311850525,18.44346075571743,0,0,1,1
72.253026,17,1394,0.23528426338849806,19.29330959785684,0,0,1,2
197.902527,8,751,0.040423940620020485,3.794797425704423,0,8,2,1
51.18749,12,16831,0.2344322802309705,328.8108090472887,0,12,2,2
52.393176,13,18169,0.24812391598478398,346.78180227134925,0,13,2,2
201.300395,9,805,0.044709301241063135,3.998998611006203,0,9,2,1
54.640075,14,18223,0.2562221958882743,333.5097911194302,0,14,2,1
55.74463,15,18277,0.269084214927967,327.8701464158969,0,15,2,2
56.857688,16,18343,0.2814043370880645,322.61248470039794,0,16,2,2
58.070767,17,18397,0.2927462625041615,316.80311713465056,0,17,2,2
59.279896,18,18451,0.30364425740557976,311.2522329661307,0,18,2,2
60.362978,19,19086,0.3147624691412674,316.1871834752752,0,19,2,2
61.471581,20,19187,0.3253535971362116,312.1279734126246,0,20,2,2
62.574747,21,19272,0.3355986401351331,307.9836663182993,0,21,2,2
63.674995,22,19326,0.345504542246136,303.51003561131023,0,22,2,1
64.777881,23,19415,0.355059468524449,299.7165035392251,0,23,2,2
65.881308,24,19469,0.36429149220898893,295.5162942423669,0,24,2,1
214.899752,10,944,0.04653332498959794,4.392745879018046,0,10,2,1
0.058025,2,245,34.46790176647997,4222.317966393795,0,0,2,1
3.193741,2,348,0.6262248566806137,108.96312506242678,0,0,2,1
0.025403,2,2584,78.7308585600126,101720.26925953628,0,0,1,1
3.192794,3,2701,0.9396158975492938,845.9675130935475,0,0,1,1
4.273716,4,2783,0.9359536291133992,651.1897374556474,0,0,2,1
7.547155,5,4075,0.6625013001588016,539.9385596294233,0,0,2,1
229.208262,11,998,0.04799128924942505,4.354118788266018,0,11,2,1
9.862557,6,5367,0.6083615030057621,544.1793644386541,0,0,2,1
10.984196,7,6038,0.6372792328177683,549.6988582505264,0,0,2,2
12.103304,8,6701,0.6609765399596672,553.6504742837162,0,0,2,2
13.206569,9,7147,0.6814790427400182,541.1700798292122,0,0,2,2
14.341128,10,7213,0.6972952197344588,502.95904199446517,0,0,2,2
15.466622,11,7362,0.7112089504741242,475.99275394459113,0,0,2,1
16.583194,12,7435,0.7236241703498132,448.3454755459051,0,0,2,2
17.788831,13,7597,0.7307956323830386,427.0657245549188,0,0,2,1
18.920275,14,7670,0.7399469616588554,405.38522828024435,0,0,2,1
20.047282,15,7738,0.7482311068403188,385.9874869820258,0,0,2,1
93.945174,25,19889,0.266112658432034,211.70858654218898,0,25,2,1
95.051485,26,22799,0.2735359684280577,239.85948246889566,0,26,2,2
96.133074,27,22853,0.2808606744438444,237.7225552987102,0,27,2,1
97.232127,28,22971,0.28797066220715295,236.24907434144683,0,28,2,1
100.396323,29,23025,0.28885520040410245,229.3410685967055,0,29,2,1
101.664664,30,24507,0.29508777995862945,241.05720744820442,0,30,2,1
102.782791,31,25774,0.3016069100517031,250.76182257008372,0,31,2,2
103.899878,32,25828,0.30798881207540973,248.5854699463651,0,32,2,1
107.052343,33,27310,0.3082604179901042,255.10884894878015,0,33,2,1
108.171406,34,28792,0.31431596627300934,266.17015590977894,0,34,2,2
109.29798,35,28910,0.32022549730562266,264.50626077444434,0,35,2,2
110.426266,36,28964,0.3260093934535466,262.29266866634794,0,36,2,1
111.552501,37,31874,0.33168238872564587,285.7309313038172,0,37,2,1
112.675291,38,31992,0.33725229074402835,283.93092856534093,0,38,2,2
113.994159,39,34902,0.3421227924493921,306.1735821043252,0,39,2,2
115.109367,40,34956,0.3474956125855509,303.6764158385129,0,40,2,1
116.228583,41,35074,0.35275316055431905,301.76742325078504,0,41,2,1
117.333276,42,36556,0.35795472036423837,311.55697041988327,0,42,2,2
118.426053,43,36610,0.3630957792707995,309.1380576535807,0,43,2,1
119.548444,44,38092,0.3680516326920993,318.632336193351,0,44,2,1
120.775703,45,38210,0.3725914971490582,316.3715801347892,0,45,2,2
121.902355,46,39692,0.3773512004751672,325.60486628826817,0,46,2,2
123.023382,47,39746,0.3820411960386522,323.07679527132495,0,47,2,1
124.142939,48,41228,0.3866510684107455,332.1010468424628,0,48,2,1
125.263502,49,41282,0.39117539600641216,329.5612795497287,0,49,2,1
126.590907,50,41400,0.3949730765417456,327.0377073765654,0,50,2,1
127.715699,51,42882,0.3993244401379348,335.7613851371553,0,51,2,2
130.847819,52,42936,0.3974082288677659,328.1369175897384,0,52,2,1
131.976314,53,44418,0.40158721208110115,336.5603921927991,0,53,2,1
133.096069,54,44536,0.40572197515465314,334.61544232384506,0,54,2,2
134.222174,55,44590,0.40976835913863235,332.21038425439303,0,55,2,1
137.381763,56,47500,0.40762324472426514,345.75185936433206,0,56,2,1
138.495581,57,47554,0.4115654780349996,343.36113583291876,0,57,2,1
139.620818,58,47672,0.41541083078312857,341.43905388091906,0,58,2,1
140.748152,59,49154,0.4191884522931427,349.2337149833413,0,59,2,2
141.886786,60,49208,0.42287235965722697,346.81171790021375,0,60,2,1
142.983633,61,50690,0.4266222554297526,354.51610045465833,0,61,2,1
144.08368,62,50808,0.43030550024818914,352.62841704209666,0,62,2,2
145.190959,63,50862,0.433911315373294,350.3110686113727,0,63,2,1
146.419802,64,52344,0.4370993480786157,357.49262930979785,0,64,2,1
147.551893,65,53826,0.4405229826499074,364.7936932940603,0,65,2,2
148.692991,66,53880,0.44386759292507605,362.3573622242894,0,66,2,1
149.814461,67,53998,0.44721984481858534,360.4324952315518,0,67,2,1
150.915037,68,56908,0.45058465578880647,377.08634693572645,0,68,2,2
152.018307,69,56962,0.4538927012257807,374.7048702496075,0,69,2,1
153.137802,70,57080,0.45710464095599335,372.73618436811574,0,70,2,1
154.263097,71,58562,0.4602526552413245,379.6241689611612,0,71,2,2
155.425543,72,58616,0.4632443201436973,377.1323481880967,0,72,2,1
156.540602,73,60098,0.4663326898410675,383.91317800093805,0,73,2,1
157.663838,74,60216,0.46935302944991103,381.926513802106,0,74,2,2
160.802358,75,63126,0.466411070912281,392.5688701654487,0,75,2,1
161.917791,76,63180,0.4693739923860498,390.198011038824,0,76,2,1
163.144424,77,63298,0.47197445129966564,387.9875171216394,0,77,2,1
164.379936,78,64780,0.4745104658028338,394.08702531676374,0,78,2,2
165.516213,79,64834,0.4772946321578781,391.7078503965047,0,79,2,1
168.707851,80,66316,0.47419251401643425,393.08188449392316,0,80,2,1
169.801155,81,66370,0.47702855731458366,390.8689549255422,0,81,2,1
171.092824,82,66488,0.47927200032655953,388.6077653379548,0,82,2,1
172.313946,83,67970,0.4816789466361591,394.4544337693944,0,83,2,2
173.442635,84,68024,0.48430998525823826,392.19883853817146,0,84,2,1
174.570508,85,69506,0.48690927794057864,398.1543090886807,0,85,2,1
175.792959,86,69624,0.4892118574555651,396.05681818007287,0,86,2,2
176.90753,87,71106,0.49178234527382747,401.938798195871,0,87,2,2
177.995693,88,71160,0.49439398513985394,399.7849543471819,0,88,2,1
179.125747,89,72642,0.49685766279037485,405.53634090357764,0,89,2,1
180.243814,90,72696,0.4993236550132034,403.3203602759982,0,90,2,1
181.361597,91,72814,0.5017600280615085,401.48521629967786,0,91,2,1
182.452287,92,75724,0.504241418470134,415.0345344807873,0,92,2,2
183.543944,93,75778,0.5066906484258614,412.8602575958594,0,93,2,1
184.640429,94,75896,0.50909760397058,411.04757181862914,0,94,2,1
185.746167,95,77378,0.5114506615902334,416.57925571083246,0,95,2,2
186.814993,96,77432,0.513877384563026,414.4849337654607,0,96,2,1
187.950077,97,78914,0.5160944946034792,419.8668138880305,0,97,2,1
191.095303,98,78968,0.5128331176198506,413.2388329816772,0,98,2,1
192.151027,99,79086,0.5152197286980933,411.58249963451925,0,99,2,1
193.241747,100,80568,0.5174865242757302,416.92854287847024,0,100,2,2
194.321838,101,80622,0.5197563024285515,414.8890357860859,0,101,2,1
195.421232,102,82104,0.5219494266620937,420.1385855555347,0,102,2,1
196.541272,103,82222,0.5240629561001315,418.34470268412633,0,103,2,2
197.840413,104,83704,0.5256762176290039,423.08848192709746,0,104,2,2
198.930526,105,83758,0.5278224619986176,421.041464496002,0,105,2,1
202.264055,106,85240,0.5240674127689173,421.4293043813444,0,106,2,1
203.341752,107,85294,0.5262077214717811,419.4613214505991,0,107,2,1
204.603722,108,85412,0.5278496351107435,417.45086142665576,0,108,2,1
205.724733,109,86894,0.5298342032603344,422.37993814773847,0,109,2,2
206.781799,110,86948,0.5319617129358662,420.4818819667973,0,110,2,1
207.994838,111,88430,0.5336670903342323,425.1547819662717,0,111,2,1
209.105343,112,88548,0.5356151994643198,423.4612025193445,0,112,2,2
210.225981,113,90030,0.5375168162492723,428.2534421851503,0,113,2,2
211.718627,114,90084,0.538450497319728,425.4892508820209,0,114,2,1
212.916688,115,91566,0.5401173627123113,430.0555342096999,0,115,2,1
214.022637,116,91620,0.5419987419368167,428.08555807113055,0,116,2,1
215.317499,117,91738,0.5433836104514663,426.05919363757795,0,117,2,1
216.426048,118,93220,0.5452208784036938,430.7244939389181,0,118,2,2
217.537518,119,93274,0.5470320756348797,428.7720153173762,0,119,2,1
218.67788,120,94756,0.5487523475168133,433.31314534419306,0,120,2,1
221.860723,121,94874,0.5453872067296923,427.62864339894895,0,121,2,1
223.065641,122,96356,0.5469242123218788,431.9625360859587,0,122,2,2
224.142561,123,96410,0.548757895204026,430.12803802130196,0,123,2,1
225.416281,124,97892,0.5500933625996607,434.2720923516612,0,124,2,1
226.714106,125,97946,0.5513551944579929,432.02428701106055,0,125,2,1
227.852388,126,98064,0.5529895960537399,430.38390275725357,0,126,2,1
228.949812,127,99546,0.5547067232359203,434.793980088527,0,127,2,2
230.057671,128,99600,0.5563822299148634,432.9349226525031,0,128,2,1
233.190563,129,101082,0.5531956282467572,433.4738022824706,0,129,2,1
234.290838,130,101200,0.554865914133612,431.94177315631947,0,130,2,2
235.398816,131,102682,0.556502374251534,436.20440299920625,0,131,2,2
236.499439,132,102736,0.5581408588457583,434.4027217755895,0,132,2,1
237.612146,133,104218,0.5597356963393614,438.6055248202674,0,133,2,1
238.716721,134,104272,0.5613347881064435,436.80224645847073,0,134,2,1
239.831356,135,104390,0.5628955373124772,435.2641862225888,0,135,2,1
240.923856,136,105872,0.5644937046001788,439.4417462752215,0,136,2,2
242.036492,137,105926,0.5660303488450824,437.64474986689197,0,137,2,1
243.167562,138,107408,0.5675099049601032,441.703651246049,0,138,2,1
244.288875,139,107526,0.5689984859114031,440.15921723819804,0,139,2,2
245.410766,140,109008,0.5704721202003012,444.18589199138887,0,140,2,2
246.536503,141,109062,0.5719234202003749,442.37668123328575,0,141,2,1
247.655543,142,110544,0.5733770311775336,446.36190517245967,0,142,2,1
248.775906,143,110598,0.5748145079612332,444.5687758845907,0,143,2,1
249.902294,144,110716,0.576225202638596,443.0371495509361,0,144,2,1
253.066931,145,112198,0.572970950519015,443.3530669402238,0,145,2,1
254.194607,146,112252,0.5743630902444756,441.59866853508817,0,146,2,1
255.322862,147,113734,0.5757416270854743,445.45168853700227,0,147,2,1
256.446037,148,113852,0.5771194662680633,443.9608477942672,0,148,2,2
257.580036,149,113906,0.578460979794257,442.215948754662,0,149,2,1
258.71471,150,116816,0.5797892203346303,451.5243837507345,0,150,2,1
259.809114,151,116934,0.581195931409858,450.0765896919228,0,151,2,2
260.932722,152,119844,0.5825256366275134,459.29080523676134,0,152,2,2
262.046994,153,119962,0.5838647399252365,457.78811719549816,0,153,2,2
263.171793,154,122872,0.585169095230506,466.8889420075502,0,154,2,2
264.296554,155,122990,0.5864624326505596,465.3484812367247,0,155,2,2
265.430077,156,123044,0.5877254068686422,463.56464719708464,0,156,2,1
268.708435,157,125954,0.5842764109731055,468.73854183252564,0,157,2,1
269.842369,158,126008,0.5855270267064695,466.9689214001823,0,158,2,1
270.964817,159,126126,0.5867920483565954,465.4700244718487,0,159,2,1
272.067514,160,126180,0.5880893225642514,463.7819420072328,0,160,2,1
273.188692,161,127662,0.5893362526147312,467.30338311367586,0,161,2,1
274.417851,162,129144,0.5903406043362682,470.6107839901421,0,162,2,2
275.561534,163,129198,0.591519424478164,468.8535374461952,0,163,2,1
276.719709,164,129316,0.5926574604774537,467.3176351164781,0,164,2,1
277.821229,165,132226,0.593907098438471,475.9391515037895,0,165,2,2
278.925497,166,132280,0.5951410028320214,474.24850514831206,0,166,2,1
280.029865,167,132398,0.5963649627156733,472.7995708600581,0,167,2,1
283.199197,168,133880,0.5932220210356034,472.74145343003914,0,168,2,1
284.27411,169,133934,0.59449662862369,471.1438547815698,0,169,2,1
285.384458,170,135416,0.5956876600476961,474.5037657236401,0,170,2,1
286.535723,171,135470,0.5967842271450391,472.78572661601424,0,171,2,1
287.724028,172,135588,0.59779505102716,471.24322894575914,0,172,2,1
288.887673,173,137070,0.5988486743080934,474.4750739156669,0,173,2,2
289.996456,174,138552,0.6000073325034013,477.7713559368463,0,174,2,2
291.182233,175,138670,0.6009982071948737,476.23097938121794,0,175,2,2
292.308742,176,140152,0.6021031009739695,479.4656466346805,0,176,2,2
293.435685,177,141634,0.6031986191454527,482.6747639776669,0,177,2,2
294.555766,178,141752,0.6042998323108705,481.23994286365456,0,178,2,2
295.669659,179,143234,0.6054053723517163,484.4392910805907,0,179,2,2
296.803563,180,143288,0.6064617222940818,482.77048480041327,0,180,2,1
300.116769,181,144770,0.603098589269432,482.3789103234015,0,181,2,1
301.235663,182,144888,0.6041781314584921,480.978907201967,0,182,2,2
302.366804,183,147798,0.6052251688316949,488.8036584862669,0,183,2,2
303.48033,184,147916,0.6062995911464839,487.3989691523006,0,184,2,2
304.625108,185,149398,0.6073038470617464,490.4323250990854,0,185,2,2
306.151994,186,149452,0.6075413639148142,488.16275225697206,0,186,2,1
307.296819,187,150934,0.6085321696740374,491.1668154950865,0,187,2,1
308.423928,188,151052,0.6095506312337738,489.7544784527872,0,188,2,2
309.557891,189,152534,0.6105481575334806,492.74789767837,0,189,2,2
310.789535,190,152588,0.611346196068024,490.9689124506718,0,190,2,1
311.975226,191,154070,0.612228100445386,493.85331641686184,0,191,2,1
315.155736,192,154188,0.609222609865492,489.2438321351067,0,192,2,1
316.336673,193,155670,0.6101094702984373,492.1022862246515,0,193,2,2
317.46547,194,155724,0.611090081702429,490.5226385723147,0,194,2,1
318.602611,195,157206,0.6120477148255385,493.4234515736595,0,195,2,1
319.722282,196,157324,0.6130320313427514,492.0645474437093,0,196,2,2
320.854286,197,157378,0.6139858764423674,490.4967982880553,0,197,2,1
321.98221,198,158860,0.6149408068228366,493.38129581755464,0,198,2,1
323.192153,199,160342,0.6157327712099495,496.11971859972726,0,199,2,2
324.299171,200,160396,0.61671449662756,494.59269200537057,0,200,2,1
331.076258,3,198,0.009061356492678493,0.5980495285167806,3,0,1,2
326.657415,201,160514,0.6153235492909291,491.3833044322597,0,201,2,1
327.805152,202,163424,0.6162197231116123,498.5400595534264,0,202,2,2
328.930158,203,163542,0.6171522892102828,497.19369301491656,0,203,2,2
330.054278,204,166452,0.6180801571067653,504.3170505428201,0,204,2,2
331.202248,205,166570,0.6189571515227155,502.92533038604256,0,205,2,2
332.336668,206,169480,0.6198533590641885,509.9647926902848,0,206,2,2
333.44881,207,169598,0.6207849414727257,508.61779953570687,0,207,2,2
334.572432,208,172508,0.6216889979745851,515.6073349163448,0,208,2,2
335.698116,209,172562,0.6225831782743755,514.0392268391521,0,209,2,1
338.85176,210,172680,0.6197400302716444,509.60337346336934,0,210,2,1
339.998452,211,175590,0.6205910608087122,516.4435278075913,0,211,2,2
341.159909,212,175708,0.6214094751678456,515.0312078433576,0,212,2,2
342.28571,213,178618,0.6222871530336455,521.8389046974821,0,213,2,2
345.458938,214,178736,0.6194658075397661,517.3871054973255,0,214,2,1
346.788387,215,181646,0.6199746244674565,523.7949331907703,0,215,2,2
347.916129,216,181764,0.6208392827916294,522.4362564691561,0,216,2,2
349.251999,217,184674,0.62132786819067,528.7700586647179,0,217,2,2
350.38558,218,184792,0.6221717229344883,527.396133139954,0,218,2,2
351.505859,219,186274,0.6230337116514465,529.9314228500527,0,219,2,2
352.635245,220,186328,0.6238741110520589,528.3873425641274,0,220,2,1
353.87609,221,187810,0.6245123822861274,530.7224910278624,0,221,2,1
355.095779,222,187928,0.6251834381844342,529.2318611311907,0,222,2,2
356.232217,223,189410,0.6259961602518394,531.7037341403627,0,223,2,2
357.367034,224,189464,0.6268065565331357,530.1664170847947,0,224,2,1
358.503436,225,190946,0.627609047518306,532.6197208330243,0,225,2,1
359.637809,226,191064,0.6284100123632996,531.2678345229269,0,226,2,2
360.7464,227,192546,0.6292509086715765,533.7433720752307,0,227,2,2
362.051969,228,192600,0.629743847629786,531.9678291820035,0,228,2,1
363.185136,229,194082,0.6305324125379405,534.3886100008234,0,229,2,1
364.312046,230,194200,0.6313269147295777,533.0595080021043,0,230,2,2
365.586015,231,195682,0.6318622445117328,535.2557044612333,0,231,2,2
366.715599,232,197164,0.6326428453892958,537.6482498635135,0,232,2,2
367.815067,233,197218,0.6334705152249785,536.1879316379391,0,233,2,1
371.188559,234,197336,0.6304073612355062,531.6327651144011,0,234,2,1
372.311903,235,200246,0.6311912085174457,537.8447435778061,0,235,2,2
373.444207,236,200364,0.6319551771759041,536.5299454223425,0,236,2,2
376.803781,237,201846,0.6289745802736517,535.6793381009094,0,237,2,1
377.905575,238,201900,0.6297869514097536,534.2604432337364,0,238,2,1
379.037581,239,203382,0.6305443364466807,536.5747624903717,0,239,2,1
380.185454,240,203436,0.6312708639294758,535.0967478098202,0,240,2,1
381.333456,241,203554,0.6319928036946225,533.7952828350839,0,241,2,1
382.440256,242,205036,0.6327785744396114,536.1255693752072,0,242,2,2
383.571379,243,205090,0.6335196349464854,534.6853577414597,0,243,2,1
384.791214,244,206572,0.6341101125037641,536.8417793447851,0,244,2,1
385.928073,245,206690,0.6348333203529354,535.566118301013,0,245,2,2
387.069252,246,208172,0.635545186627224,537.8159048396849,0,246,2,2
388.199528,247,208226,0.636270737557414,536.3891117353445,0,247,2,1
389.316347,248,209708,0.6370140938366505,538.6570628640981,0,248,2,1
390.428622,249,209762,0.6377606199168462,537.2608158835241,0,249,2,1
391.57418,250,209880,0.6384486331555365,535.9903965067359,0,250,2,1
392.699511,251,212790,0.639165552716973,541.8646930782656,0,251,2,2
393.823353,252,212844,0.6398807944738615,540.4555072182325,0,252,2,1
394.935184,253,212962,0.6406114477762002,539.2327871198227,0,253,2,1
396.151952,254,213016,0.6411681141987658,537.7128622604894,0,254,2,1
397.286572,255,214498,0.6418540619590838,539.9075003219591,0,255,2,1
398.408306,256,215980,0.6425568848456689,542.1071718319046,0,256,2,2
399.734654,257,216098,0.6429264949343121,540.6036175187353,0,257,2,2
400.95427,258,217580,0.6434649018702308,542.655400577228,0,258,2,2
402.105048,259,217634,0.64411029229357,541.2366770386827,0,259,2,1
405.505626,260,219116,0.6411748279911658,540.3525523465856,0,260,2,1
408.685753,261,219234,0.6386324898387148,536.4366102578575,0,261,2,1
409.816059,262,220716,0.6393112086415335,538.5733310172699,0,262,2,2
410.944149,263,220770,0.6399896449188768,537.2262886263895,0,263,2,1
412.080423,264,222252,0.6406516428954452,539.3413217302973,0,264,2,1
413.186783,265,222306,0.641356429835269,538.0278584564502,0,265,2,1
414.308796,266,222424,0.6420331949698698,536.8556066089411,0,266,2,1
415.44666,267,223906,0.642681782542192,538.9524614303073,0,267,2,2
416.559319,268,223960,0.6433657531497933,537.6425152068198,0,268,2,1
417.699362,269,225442,0.6440038565344995,539.723113103534,0,269,2,1
418.827415,270,225560,0.6446569406159814,538.5511834271881,0,270,2,2
419.942605,271,227042,0.645326282147533,540.6500728831741,0,271,2,2
421.046824,272,227096,0.6460089104009011,539.3604393985406,0,272,2,1
451.48708,4,264,0.008859611220768488,0.5847343405707203,4,0,1,2
423.416491,273,228578,0.6447552369895767,539.8419874014779,0,273,2,1
424.618572,274,228696,0.6452850112264991,538.5916092242899,0,274,2,2
425.72419,275,231606,0.6459581260815834,544.0282827245499,0,275,2,2
426.82406,276,231724,0.6466364618714325,542.9028532271587,0,276,2,2
427.914482,277,233206,0.6473256027824736,544.9827239079045,0,277,2,2
429.146554,278,233260,0.6477973489681104,543.5439194974871,0,278,2,1
430.269166,279,234742,0.6484313124124725,545.5701187753714,0,279,2,1
431.402183,280,234860,0.6490463215852573,544.4107824554054,0,280,2,2
432.532325,281,237770,0.6496624269642737,549.7161397127949,0,281,2,2
433.65935,282,237824,0.6502799951159821,548.4120197108629,0,282,2,1
436.913294,283,237942,0.6477257705049368,544.5977571925289,0,283,2,1
440.096081,284,239424,0.6453136309568728,544.0266576697827,0,284,2,1
441.225964,285,239478,0.6459275365762474,542.7559108919529,0,285,2,1
442.349475,286,240960,0.6465476193907543,544.7276726167698,0,286,2,1
443.489521,287,241078,0.6471404315323157,543.5934527977269,0,287,2,2
444.758266,288,242560,0.6475427710206965,545.3749115929866,0,288,2,2
445.890207,289,242614,0.6481416175170674,544.1115238487398,0,289,2,1
446.981397,290,244096,0.6487965762029242,546.0987898787206,0,290,2,1
448.105113,291,244214,0.6494012042214746,544.9926655936193,0,291,2,2
449.280233,292,247124,0.6499284378709802,550.044230412425,0,292,2,2
450.557829,293,247178,0.6503049800517393,548.6043834785967,0,293,2,1
451.655812,294,247296,0.6509381528782364,547.5319777352937,0,294,2,1
452.764833,295,248778,0.6515523700136844,549.4640525669978,0,295,2,2
453.85917,296,248832,0.6521846853948109,548.2581744464918,0,296,2,1
455.142545,297,250314,0.6525428204036606,549.9683621095013,0,297,2,1
456.285829,298,250432,0.6530993974831509,548.848954062082,0,298,2,2
457.397629,299,253342,0.653698185217309,553.8769419375368,0,299,2,2
458.500708,300,253396,0.6543065141788178,552.6621782228524,0,300,2,1
459.66915,301,253514,0.6548187973893832,551.5140617985784,0,301,2,1
461.031904,302,254996,0.6550522802864419,553.0983816686144,0,302,2,2
462.270235,303,255050,0.6554607609551153,551.7335547247596,0,303,2,1
463.498922,304,256532,0.6558807055866249,553.468385412987,0,304,2,1
464.671858,305,256650,0.6563771718665175,552.3252497034155,0,305,2,2
465.776252,306,256704,0.656967800926012,551.1315763689902,0,306,2,1
468.955524,307,258186,0.6546463028762617,550.5554083205553,0,307,2,1
472.139905,308,259668,0.6523490108297455,549.9810485199297,0,308,2,1
473.258935,309,259786,0.6529195270238268,548.9299425482585,0,309,2,2
474.389488,310,261268,0.6534714782718795,550.74576188754,0,310,2,2
475.515874,311,262750,0.6540265362413538,552.5577890592144,0,311,2,2
476.753794,312,262868,0.6544258355708019,551.3705466180306,0,312,2,2
477.878048,313,262922,0.6549788200356925,550.1863939981608,0,313,2,1
479.007681,314,264404,0.6555218474669929,551.9827979543401,0,314,2,1
480.128819,315,265886,0.6560739275265207,553.7805469660841,0,315,2,2
481.257967,316,266004,0.6566125065312425,552.7264341371413,0,316,2,2
482.400102,317,268914,0.657130872663041,557.4501308874102,0,317,2,2
483.660842,318,268968,0.6574855195740655,556.1086956880416,0,318,2,1
484.761962,319,269086,0.6580549321235729,555.0889324934286,0,319,2,1
485.903656,320,269140,0.6585667674004906,553.8958118067751,0,320,2,1
487.037883,321,270622,0.6590863076661327,555.648768701633,0,321,2,1
488.146107,322,272104,0.6596385700562394,557.4232716353508,0,322,2,2
489.271394,323,272158,0.6601653069461895,556.2516086930682,0,323,2,1
490.373721,324,272276,0.6607205609209226,555.2418254484726,0,324,2,1
491.485053,325,273758,0.6612612082833779,557.0016795607414,0,325,2,2
492.593938,326,273812,0.6618027037109011,555.857429167145,0,326,2,1
493.726795,327,275294,0.6623096078874958,557.5836733754749,0,327,2,1
494.852281,328,275412,0.6628240640564007,556.5539668594556,0,328,2,2
495.988797,329,275466,0.6633214338508537,555.3875443682653,0,329,2,1
499.169075,330,278376,0.6610986467861616,557.6787784780137,0,330,2,1
502.535242,331,278430,0.6586602736211683,554.0506948167429,0,331,2,1
503.677071,332,278548,0.6591524989232634,553.0289465966181,0,332,2,1
504.997568,333,280030,0.6594091162039022,554.5175219536899,0,333,2,2
506.128512,334,280084,0.6599114495252937,553.385144996534,0,334,2,1
507.26239,335,281566,0.6604077231115045,555.0697342257131,0,335,2,1
508.38843,336,281684,0.6609119723672704,554.0724048342328,0,336,2,2
509.506827,337,281738,0.6614239145415808,552.9621686501955,0,337,2,1
510.717207,338,283220,0.6618143962398354,554.5534713107875,0,338,2,1
511.850142,339,284702,0.6623032254624245,556.2213949722808,0,339,2,2
513.010126,340,284756,0.6627549492073769,555.0689656367523,0,340,2,1
514.116547,341,284874,0.6632737304212852,554.1039316130007,0,341,2,1
515.239924,342,286356,0.6637684388758663,555.7721493647298,0,342,2,2
516.382203,343,286410,0.664236679744751,554.6473103373007,0,343,2,1
517.49056,344,287892,0.664746425519337,556.3231916732935,0,344,2,1
518.636448,345,288010,0.6652058514792235,555.3215573464671,0,345,2,2
519.759258,346,289492,0.6656928081115584,556.9732439474892,0,346,2,2
520.898038,347,289546,0.666157241314086,555.859263958295,0,347,2,1
522.120933,348,291028,0.6665122541639218,557.3957709908558,0,348,2,1
523.23137,349,291082,0.66700893717439,556.3160328097301,0,349,2,1
524.391528,350,291200,0.6674402260747432,555.3102680941863,0,350,2,1
525.627939,351,292682,0.6677727227889992,556.8235215137604,0,351,2,2
526.769139,352,292736,0.668224415477764,555.7197229809623,0,352,2,1
530.019387,353,294218,0.6660133735825025,555.1079964552315,0,353,2,1
533.259591,354,294336,0.6638417873294284,551.9563172751261,0,354,2,1
534.371899,355,297246,0.6643313405220809,556.2530525206379,0,355,2,2
535.475924,356,297300,0.664829143653525,555.2070348544746,0,356,2,1
536.611765,357,297418,0.6652854508324095,554.2517316965647,0,357,2,1
537.741953,358,298900,0.6657468289441795,555.8428133279756,0,358,2,2
538.977336,359,298954,0.6660762448089282,554.6689629264856,0,359,2,1
540.30816,360,300436,0.6662864392053601,556.0456462475044,0,360,2,1
541.638626,361,300554,0.6664960412184487,554.8976486769243,0,361,2,2
542.766397,362,300608,0.6669535955078664,553.8441614321234,0,362,2,1
543.887749,363,303518,0.6674171291179424,558.0526506766381,0,363,2,1
544.999468,364,303572,0.6678905602161065,557.0133877635271,0,364,2,1
546.13233,365,303690,0.6683361887768117,556.0740196428217,0,365,2,1
547.261141,366,305172,0.6687849229185451,557.6350614669351,0,366,2,2
548.381334,367,305226,0.6692423269096901,556.5944372570493,0,367,2,1
549.523813,368,306708,0.6696707063357052,558.1341385837268,0,368,2,1
550.859555,369,306826,0.6698622119752465,556.9949676192873,0,369,2,2
552.074177,370,308308,0.6701997945468114,558.4539412355091,0,370,2,2
553.204775,371,308362,0.6706377398857412,557.4102284276197,0,371,2,1
554.317614,372,309844,0.6710953983865285,558.964738219558,0,372,2,1
555.447259,373,309898,0.671530904070948,557.9251584712564,0,373,2,1
556.574398,374,310016,0.6719676674743491,557.007295186438,0,374,2,1
557.713777,375,311498,0.6723879083948109,558.5266365044448,0,375,2,2
558.843907,376,311552,0.672817570864202,557.4937761645848,0,376,2,1
561.997202,377,313034,0.6708218451237058,557.0027731205679,0,377,2,1
565.161051,378,313152,0.6688358996628733,554.0933853207092,0,378,2,1
566.387281,379,313206,0.6691534444962227,552.9891127622267,0,379,2,1
567.522594,380,314688,0.6695768662207658,554.4942233612641,0,380,2,1
568.660793,381,316170,0.669995196943356,555.9905024083487,0,381,2,2
569.773975,382,316224,0.670441292093062,554.9990239550692,0,382,2,1
571.007977,383,316342,0.6707436943564801,554.0062709141453,0,383,2,1
572.11182,384,319252,0.6711974592659177,558.023779337403,0,384,2,2
573.218352,385,319306,0.6716463257966312,557.0407836488808,0,385,2,1
574.341384,386,319424,0.67207415441963,556.1570329050153,0,386,2,1
575.591811,387,319478,0.6723514695729401,555.0426428842991,0,387,2,1
576.893537,388,320960,0.6725677705070217,556.3591536647774,0,388,2,1
578.032018,389,322442,0.6729731016388092,557.8272309476116,0,389,2,2
579.177161,390,322496,0.6733690937098261,556.817536525754,0,390,2,1
580.295641,391,322614,0.673794480562021,555.9476535857693,0,391,2,1
581.402824,392,325524,0.6742313312189897,559.8940812850266,0,392,2,2
582.544983,393,325578,0.6746260142454956,558.8890291756234,0,393,2,1
583.665783,394,325696,0.6750438546780461,558.0179779015759,0,394,2,1
584.810491,395,327178,0.6754324795448994,559.459867829218,0,395,2,2
585.967234,396,327232,0.6758057055456449,558.4476076694759,0,396,2,1
587.102157,397,328714,0.6762025914341854,559.892339145332,0,397,2,1
588.203606,398,328768,0.6766364502702488,558.9357097548973,0,398,2,1
589.33942,399,328886,0.6770292067006141,558.0587159772886,0,399,2,1
590.661951,400,330368,0.6772063095020657,559.3182351439461,0,400,2,2
591.792706,401,330422,0.6776021332037169,558.340778198101,0,401,2,1
594.965388,402,331904,0.6756695567641996,557.854299921057,0,402,2,1
598.100983,403,332022,0.673799260416865,555.1269926603682,0,403,2,1
599.198188,404,332076,0.6742343486526031,554.2006078296085,0,404,2,1
600.433895,405,333558,0.6745122208665452,555.5282651056866,0,405,2,1
601.588817,406,335040,0.6748795664531112,556.9252461685969,0,406,2,2
602.729213,407,335158,0.6752617779619718,556.0672898726746,0,407,2,2
603.830376,408,335212,0.6756864447640839,555.1426581427894,0,408,2,1
604.959103,409,336694,0.676078759657907,556.5566305727612,0,409,2,1
606.066481,410,336748,0.676493442309343,555.628813928748,0,410,2,1
607.209362,411,338230,0.6768670342075522,557.0236909489547,0,411,2,1
608.368059,412,338348,0.677221615936283,556.1567458951687,0,412,2,2
609.491512,413,339830,0.6776140304969498,557.5631379752505,0,413,2,2
610.630017,414,339884,0.6779882882829195,556.6120081515744,0,414,2,1
611.864521,415,341366,0.6782547210316188,557.9110869871797,0,415,2,1
613.19966,416,341420,0.6784087257974017,556.7843922157426,0,416,2,1
614.325441,417,341538,0.6787933107917633,555.9561385640221,0,417,2,1
615.4626,418,343020,0.6791639329505968,557.3368714849611,0,418,2,2
616.589519,419,343074,0.6795444734116539,556.4058249910019,0,419,2,1
617.721407,420,344556,0.6799181560499166,557.7854289903215,0,420,2,1
618.939512,421,344674,0.6801957086882506,556.8783270698672,0,421,2,2
620.104775,422,346156,0.6805301571819052,558.2217940508522,0,422,2,2
621.207791,423,346210,0.6809315757599698,557.3175433660972,0,423,2,1
622.530956,424,347692,0.6810906283670816,558.5135914108664,0,424,2,1
623.651096,425,347810,0.6814707818616581,557.699653268949,0,425,2,2
624.973731,426,350720,0.6816286491247742,561.175586434368,0,426,2,2
628.16245,427,350838,0.6797604664207483,558.5147599956031,0,427,2,1
629.251927,428,352320,0.6801727283387405,559.902933757722,0,428,2,2
